TF,Gene,Mode_of_Regulation,PubMedId
CREM,ACE,Activation,8901568
EGR1,ACE,Activation,12433834
EGR1,ACE,Unknown,14679188
HIF1A,ACE,Activation,19592460
SP3,ACE,Unknown,14679188
CTCF,APP,Activation,11706010;9407128
CTCF,APP,Repression,11706010
ETS2,APP,Unknown,12890557
HDAC9,APP,Unknown,20145244
JUN,APP,Unknown,8015372
NFIL3,APP,Unknown,22947103
SP1,APP,Activation,15673661
SP1,APP,Unknown,8015372
STAT1,APP,Unknown,9841227
TBP,APP,Unknown,8015372
TFAP2A,APP,Unknown,17651731
PAX2,ADAM10,Unknown,21876729;21880579
SP1,ADAM10,Activation,21854868
CDX2,GSK3B,Unknown,24501326
CREB1,GSK3B,Unknown,11579131
NFKB1,GSK3B,Unknown,11579131
TFCP2,GSK3B,Unknown,16973241
PARP1,HFE,Unknown,24184271
ATF4,APOE,Activation,22028770
FOXM1,APOE,Unknown,11229886
SP1,APOE,Unknown,11229886
NA,MAPT,NA,NA
NA,TREM2,NA,NA
CREB1,PSEN1,Activation,11116137
ELK1,PSEN1,Activation,12750007
SP1,PSEN1,Unknown,10446206
ATF2,PLAU,Unknown,10454570
ATF4,PLAU,Activation,18829529
CREB1,PLAU,Unknown,11776974
EGR1,PLAU,Activation,21283769
ETS1,PLAU,Unknown,10211993;11556732
FOS,PLAU,Unknown,11774399
GATA6,PLAU,Repression,15231498
HIF1A,PLAU,Unknown,14567996
HOXD3,PLAU,Unknown,14610084
ILF3,PLAU,Activation,22986534
JUN,PLAU,Unknown,10454570;11774399
NFKB1,PLAU,Activation,11689575;17407600;20352621
POU2F1,PLAU,Unknown,10951201
RARA,PLAU,Unknown,10361124
RELA,PLAU,Activation,11689575;17407600;20352621
RFWD2,PLAU,Repression,12615916
RUNX2,PLAU,Unknown,18331818
SP1,PLAU,Unknown,10361124
SRF,PLAU,Activation,15514113
GATA1,BACE1,Unknown,12815710
NFKB1,BACE1,Repression,17385716
RELA,BACE1,Repression,17385716
SP1,BACE1,Activation,21712774;22275252
SP1,BACE1,Unknown,15681800;15857888
TFAP2A,BACE1,Unknown,15059977
NRF1,IDE,Activation,22870279
AHR,IL1B,Unknown,23349129
CEBPB,IL1B,Activation,17386941
CEBPB,IL1B,Unknown,10383163;10801783
E2F1,IL1B,Unknown,17707233
HMGA1,IL1B,Unknown,15901130
HSF1,IL1B,Repression,10328874
IRF8,IL1B,Activation,17386941
JUN,IL1B,Unknown,11306276
JUNB,IL1B,Unknown,11306276
KLF4,IL1B,Repression,22449968
NFIL3,IL1B,Repression,8547328
NFKB1,IL1B,Activation,12686724;14960579;8413223;8679226;9878621
NFKB1,IL1B,Unknown,10080875;10963848;16433741;17707233;18285351;20336759;9058643
NFKBIA,IL1B,Repression,15228586
REL,IL1B,Activation,8413223
RELA,IL1B,Activation,12686724;14960579;8021507;8413223;8679226;9878621
RELA,IL1B,Unknown,10080875;10963848;16433741;17707233;18285351;20336759;9058643
SIRT1,IL1B,Unknown,21245135
SPI1,IL1B,Activation,17386941
SPI1,IL1B,Unknown,10801783
STAT1,IL1B,Activation,17386941
SUGP1,IL1B,Activation,9878621
YY1,IL1B,Unknown,22467534
CEBPA,INSR,Activation,8288055
CEBPB,INSR,Activation,8288055
ESR2,INSR,Repression,22099628
HMGA1,INSR,Activation,16707431
HMGA1,INSR,Repression,17434141
SP1,INSR,Activation,1311316;16707431
SP1,INSR,Unknown,7983788
CEBPA,LEP,Activation,21983012
HIF1A,LEP,Activation,18559540
HIF1A,LEP,Unknown,19080496
KHDRBS1,LEP,Activation,21672929
SP1,LEP,Activation,18559540
STAT3,LEP,Activation,18242580;19492417
CREB1,NPY,Unknown,12967770
FOS,NPY,Unknown,8036020
JUN,NPY,Unknown,8036020
SP1,NPY,Unknown,2376581
ABL1,BCL2,Repression,11753601
ATF1,BCL2,Unknown,10542244
ATF5,BCL2,Activation,21212266
ATM,BCL2,Repression,16214353
BACH2,BCL2,Unknown,18929412
CEBPA,BCL2,Repression,12970736
CREB1,BCL2,Activation,17290286
CREB1,BCL2,Unknown,10542244;19626458
DDB2,BCL2,Repression,20013802
DEK,BCL2,Activation,17685435
E2F1,BCL2,Activation,11559537;12679318
ERCC2,BCL2,Repression,22387547
ESR1,BCL2,Activation,19148464
ESR1,BCL2,Unknown,10542244;11261829;9306964
FOXA1,BCL2,Repression,19127412
GLI1,BCL2,Activation,19074837;21135115
GLI1,BCL2,Repression,14555646
GLI1,BCL2,Unknown,15520176;24739390
GLI2,BCL2,Activation,16880536;21135115
HOXA1,BCL2,Activation,12482855;15665309
ING2,BCL2,Repression,15748897
ING4,BCL2,Repression,19895734;20707719
IRF1,BCL2,Repression,10918594
MSX2,BCL2,Repression,21730974
MYB,BCL2,Activation,11675351
MYB,BCL2,Repression,20659323
MYB,BCL2,Unknown,16088151
MYC,BCL2,Unknown,18809243
NCOA3,BCL2,Activation,22213475
NFKB1,BCL2,Activation,14978135;18158998;19259124;20446017;21503108
NFKB1,BCL2,Repression,12032828;15120608;18031796;18566231
NFKB1,BCL2,Unknown,14739605;16022909;16453001;17673602;18761399;19233129;20103608;20332461
NR1I2,BCL2,Activation,16085054
PARP1,BCL2,Repression,20564216
PAWR,BCL2,Repression,11912153;9989812
PAX5,BCL2,Repression,22105368
PER1,BCL2,Activation,19675098
PGR,BCL2,Activation,17785366
PGR,BCL2,Unknown,9306964
PPARG,BCL2,Activation,15067355
PPARG,BCL2,Repression,14960510
RELA,BCL2,Activation,14978135;18158998;19259124;20446017;21503108
RELA,BCL2,Repression,15120608;18031796;18566231
RELA,BCL2,Unknown,14739605;16022909;16453001;17673602;18761399;19233129;20103608;20332461
SATB1,BCL2,Activation,20564216
SATB1,BCL2,Unknown,21310710
SIM2,BCL2,Repression,21729534
SMAD2,BCL2,Unknown,24739390
SMAD4,BCL2,Unknown,24739390
SP1,BCL2,Unknown,10542244
STAT3,BCL2,Activation,15184887;15805299;18839277;19926637;21435102;22504301
STAT3,BCL2,Repression,22313388
STAT3,BCL2,Unknown,18320073;20043094;20446017;21172343;21344490;21385902
TBP,BCL2,Repression,11313951
TCF4,BCL2,Unknown,23671559
TFAP2A,BCL2,Repression,16533807
TP53,BCL2,Repression,11313951;17693666;19411072;20428827;9000137
TP53,BCL2,Unknown,21859835
TWIST1,BCL2,Unknown,23095743
WT1,BCL2,Unknown,12644474
ZBTB16,BCL2,Repression,14769944
ZNRD1,BCL2,Activation,16373708;16609701
CREB1,BDNF,Activation,11719924
REST,BDNF,Repression,18075316;18518926
ING1,CASP3,Activation,15662138
ING4,CASP3,Activation,19895734
NFKB1,CASP3,Unknown,20056115
PHF10,CASP3,Unknown,20530714
PML,CASP3,Activation,16253165
RELA,CASP3,Unknown,20056115
RUNX3,CASP3,Activation,15930301;19290488
SIM2,CASP3,Activation,21729534
SP1,CASP3,Unknown,11773055
TP53,CASP3,Unknown,21859835
ASCL1,IGF2,Repression,20842449
CEBPA,IGF2,Unknown,7659086
CTCF,IGF2,Unknown,18458536;20966046;21536749;24725430
DDX5,IGF2,Unknown,20966046
EGR1,IGF2,Activation,8634146
EGR1,IGF2,Unknown,10606246;11336542;9610618
EGR2,IGF2,Unknown,9610618
HDAC5,IGF2,Unknown,19666599
KHDRBS1,IGF2,Activation,12849008
MBD1,IGF2,Unknown,19666599
PLAG1,IGF2,Activation,10646861;11284386;11888928;14695992;14712223
PLAG1,IGF2,Unknown,23023303
PLAGL2,IGF2,Activation,11888928
SP1,IGF2,Activation,11327698
SP1,IGF2,Unknown,10606246;11336542;9610618
SUZ12,IGF2,Unknown,23962719
WT1,IGF2,Repression,1323141;7535092;8634146
WT1,IGF2,Unknown,10606246
AR,IGF1R,Activation,15033751;17202144
ATM,IGF1R,Unknown,11172010
BRCA1,IGF1R,Unknown,11001824;19223505
KLF6,IGF1R,Unknown,15131018
NKX3-1,IGF1R,Repression,22179513
SP1,IGF1R,Unknown,15345673
TP53,IGF1R,Repression,12444079;17097318
TP53,IGF1R,Unknown,11001824;17600529
VHL,IGF1R,Repression,17486080;19509240
WT1,IGF1R,Repression,10499530;12444079
WT1,IGF1R,Unknown,11001824;15345673
USF2,ATP5F1A,Activation,10434034
ATF2,INS,Activation,21278380
ATF2,INS,Unknown,10909971
GLIS3,INS,Unknown,23856252
KLF11,INS,Activation,18593768
KLF11,INS,Unknown,15774581;18199129;21592955
MAFA,INS,Unknown,16461554;21830322
NEUROD1,INS,Unknown,10545951;16461554
NR1H4,INS,Activation,20060466
PAX4,INS,Repression,17426099
PAX4,INS,Unknown,10601637
PDX1,INS,Activation,7568086
PDX1,INS,Unknown,10426567;10567373;10585868;20886630
TCF3,INS,Unknown,10567574;9665477
AATF,BAX,Repression,22909821
ABL1,BAX,Activation,11753601
ATM,BAX,Activation,16214353
DMAP1,BAX,Unknown,24559687
ELL,BAX,Repression,15851483
ERCC2,BAX,Activation,22387547
ETS1,BAX,Repression,17213822
GFI1,BAX,Repression,17213822
HIF1A,BAX,Activation,15706354
ING1,BAX,Activation,15662138;16325212
ING4,BAX,Activation,20707719
MLLT10,BAX,Repression,15851483
MLLT3,BAX,Repression,15851483
MYCN,BAX,Activation,19885598
NFKB1,BAX,Repression,18158998
NFKB1,BAX,Unknown,20056115
NR3C1,BAX,Activation,17496926
PAX5,BAX,Activation,22105368
PER1,BAX,Repression,19675098
PML,BAX,Activation,16007146
RELA,BAX,Repression,18158998
RELA,BAX,Unknown,20056115
SP1,BAX,Unknown,11278953
STAT1,BAX,Unknown,17346710
TP53,BAX,Activation,10101800;10566557;15851483;17280505;17693666;18172861;20673369;22532570;22732402;9000137
TP53,BAX,Unknown,10559267;11278953;12851404;15988033;19067706;21859835
TP63,BAX,Activation,16007146
TP73,BAX,Unknown,19067706
WWTR1,BAX,Activation,22470139
NA,ABCA7,NA,NA
NA,TOMM40,NA,NA
FOS,CLU,Repression,10406964
FOSL1,CLU,Unknown,10406964
FOSL2,CLU,Unknown,10406964
JUNB,CLU,Unknown,10406964
JUND,CLU,Unknown,10406964
MYCN,CLU,Repression,23362253
ETS1,CR1,Unknown,10533284
NFKB1,A2M,Unknown,11466367
STAT3,A2M,Unknown,11466367
TFCP2,A2M,Unknown,10455131
NA,EPHA1,NA,NA
E2F1,CD2AP,Activation,22880102
LMX1B,CD2AP,Unknown,11956244
SP1,CD2AP,Activation,21604172
SP3,CD2AP,Activation,21604172
NA,BIN1,NA,NA
NA,APOC1,NA,NA
RUNX1,MPO,Unknown,11023523
SP1,MPO,Activation,17521322;8662930
SP1,MPO,Unknown,12057865
ATF2,NOS3,Repression,16497991
DDIT3,NOS3,Repression,22265908
GATA2,NOS3,Activation,10713142
GATA4,NOS3,Activation,14555463
HDAC1,NOS3,Unknown,22848708
JUN,NOS3,Unknown,11382920
KLF2,NOS3,Activation,22987017
NFKB1,NOS3,Activation,17081374;17644577
RELA,NOS3,Activation,17081374
SP1,NOS3,Activation,10713142;12270858;18624763
SP1,NOS3,Unknown,15722551
SP3,NOS3,Activation,14555463
EGR1,PSEN2,Unknown,14585504
NA,SORL1,NA,NA
NA,PICALM,NA,NA
NA,VSNL1,NA,NA
NA,INPP5D,NA,NA
NA,NECTIN2,NA,NA
NA,MS4A4A,NA,NA
NA,PCDH11X,NA,NA
NA,CASS4,NA,NA
SP3,CYP46A1,Unknown,20930312
NA,CHRNA7,NA,NA
NA,CST3,NA,NA
HNF4A,CYP2D6,Activation,11752221
HNF4G,CYP2D6,Activation,11752221
SP1,DHCR24,Activation,22431021
GATA1,DPYSL2,Unknown,15207709
GATA2,DPYSL2,Unknown,15207709
PAX3,DPYSL2,Unknown,17229153
SP1,DPYSL2,Unknown,15207709
ARNT,ESR1,Unknown,17991765
BARD1,ESR1,Activation,20060929
BARX2,ESR1,Unknown,16636675
BRCA1,ESR1,Activation,20060929
DNMT1,ESR1,Unknown,21655924;23242655
ESR1,ESR1,Unknown,16636675
FOXA1,ESR1,Unknown,20501593;24290378
GATA3,ESR1,Unknown,17616709
HDAC1,ESR1,Repression,18316616;20101232;23242655
HDAC1,ESR1,Unknown,21655924
HDAC7,ESR1,Repression,21078666
HDAC9,ESR1,Repression,19185986
KDM4B,ESR1,Unknown,23723241
LEF1,ESR1,Unknown,18794125
LMO4,ESR1,Unknown,16288053
MECP2,ESR1,Repression,15870696
MECP2,ESR1,Unknown,21655924;23242655
MTA1,ESR1,Repression,24413532
MTA1,ESR1,Unknown,11146623
NCOR1,ESR1,Repression,20101232
NKX3-1,ESR1,Unknown,18794125
NR2E3,ESR1,Unknown,22174013
PGR,ESR1,Activation,16982776
PIAS3,ESR1,Unknown,22174013
RUNX2,ESR1,Unknown,17350616
SP1,ESR1,Unknown,12237165;21235772
STAT5A,ESR1,Unknown,11731618
STAT5B,ESR1,Unknown,11731618
TFAP2C,ESR1,Activation,11278455;19458056
TP53,ESR1,Unknown,21655924
TWIST1,ESR1,Repression,22056872
XBP1,ESR1,Activation,15882996
NA,NCSTN,NA,NA
AR,HMOX1,Activation,11965035
BACH1,HMOX1,Activation,17942419
BACH1,HMOX1,Repression,17409198;18550526;21982894
CREB1,HMOX1,Repression,14523007
ERG,HMOX1,Unknown,10022513
ETS1,HMOX1,Unknown,10022513
FLI1,HMOX1,Unknown,10022513
NFE2L2,HMOX1,Activation,16551619;21982894;22484158
NFE2L2,HMOX1,Repression,22459801
NFE2L2,HMOX1,Unknown,17942419;24035498
NFKB1,HMOX1,Unknown,8016102
PPARA,HMOX1,Unknown,17413033
PPARG,HMOX1,Unknown,17413033
RELA,HMOX1,Unknown,8016102
SMAD7,HMOX1,Unknown,11018038
SREBF1,HMOX1,Unknown,17452746
STAT1,HMOX1,Activation,19129475
STAT3,HMOX1,Activation,19129475
TFAP2A,HMOX1,Unknown,8016102
USF1,HMOX1,Activation,15242350
USF2,HMOX1,Activation,15242350
BRCA1,IGF1,Repression,18045956
CEBPA,IGF1,Activation,7708053
EP300,IGF1,Unknown,18281476
HDAC2,IGF1,Unknown,18193094
NCOR1,IGF1,Unknown,18193094
NCOR2,IGF1,Unknown,18193094
OTX2,IGF1,Activation,21047732
RB1,IGF1,Unknown,18281476
STAT5B,IGF1,Activation,22419735
WT1,IGF1,Repression,9076342
AHR,IL6,Activation,20511231
AHR,IL6,Unknown,18483242;23349129
ATF4,IL6,Unknown,16931790
CEBPA,IL6,Unknown,11975924
CEBPB,IL6,Activation,10903137;8725624
CEBPB,IL6,Unknown,11120852
CREB1,IL6,Activation,8725624
DDIT3,IL6,Activation,12706815
EGR1,IL6,Repression,15517885
EGR2,IL6,Unknown,24007274
EP300,IL6,Unknown,19966855
FOXO1,IL6,Activation,21185807
GBX2,IL6,Activation,10690529
JUN,IL6,Activation,20225236
JUN,IL6,Unknown,10542237;11120852
JUND,IL6,Activation,11337499
KLF4,IL6,Activation,23846700
MYC,IL6,Unknown,19259613
NFKB1,IL6,Activation,10329846;10903137;11327783;11504280;12058956;12887736;14532843;15756023;16984731;17040605;17196927;18057724;18061164;18243142;18942706;18996370;19124729;19164127;20066113;22547075;7876168;8679226;8725624
NFKB1,IL6,Repression,15517885
NFKB1,IL6,Unknown,10823821;10963848;11120852;11975924;15158360;16112536;17490702;17532054;19469019;19707556;2405250;8752656;9516466
OTX2,IL6,Activation,21047732
PPARA,IL6,Unknown,15001458
RBPJ,IL6,Activation,10329846
RBPJ,IL6,Unknown,9516466
REL,IL6,Repression,1372388
RELA,IL6,Activation,10329846;10903137;11327783;11504280;12058956;12887736;14532843;15756023;16984731;17040605;17196927;18057724;18061164;18243142;18942706;18996370;19124729;19164127;20066113;22547075;7499267;7876168;8679226
RELA,IL6,Repression,15517885
RELA,IL6,Unknown,10542237;10823821;10963848;11120852;11975924;15158360;16112536;17490702;17532054;19469019;19707556;19966855;20457835;8752656;9516466
SP1,IL6,Activation,18502099
STAT1,IL6,Repression,18616672
STAT3,IL6,Activation,10391682;18765795;20930550;22547075;22927445
STAT3,IL6,Repression,18616672
STAT3,IL6,Unknown,22105366;22363173
TBP,IL6,Repression,9209275
VDR,IL6,Repression,11050002
XBP1,IL6,Unknown,16931790
ZFP36,IL6,Repression,21656745
ZMYND11,IL6,Activation,19379743
ZNF300,IL6,Activation,21777376
NA,MIR146A,NA,NA
CDCA7L,MAOB,Repression,20980443
EAPP,MAOB,Repression,20980443
RARA,MAOB,Unknown,19401466
SP1,MAOB,Unknown,11259630;20980443
SP3,MAOB,Unknown,11259630
SP4,MAOB,Activation,11259630
EGR1,ACHE,Unknown,7559515
TFAP2A,ACHE,Repression,7559515
NFE2L2,MTHFR,Activation,16551619
CDX1,PPARG,Activation,19059241
CEBPD,PPARG,Activation,10649448;18619497;20971808
E2F1,PPARG,Activation,12110166
E2F1,PPARG,Unknown,20971808
E2F4,PPARG,Repression,12110166
EGR1,PPARG,Unknown,12011097
GATA2,PPARG,Repression,19772889
KLF2,PPARG,Repression,20693579
NCOR1,PPARG,Repression,20462215
NR4A3,PPARG,Repression,18855877
RB1,PPARG,Unknown,20971808
SIRT1,PPARG,Repression,15850715
SREBF1,PPARG,Unknown,10409739
SREBF2,PPARG,Unknown,10409739
UHRF1,PPARG,Repression,22286757
MTF1,PRNP,Activation,18990686
SP1,PRNP,Activation,18990686
SP1,PRNP,Unknown,23131565
XBP1,PRNP,Unknown,23737521
DNMT1,RELN,Repression,19029285
HDAC1,RELN,Repression,19029285
MECP2,RELN,Repression,19029285
TBR1,RELN,Unknown,19165920
NA,BCHE,NA,NA
MYC,TFAM,Unknown,15988031
ATF2,TNF,Activation,10688670;10748079;10913190;20068037
CEBPB,TNF,Unknown,10629048;9566900
CEBPD,TNF,Unknown,10629048
E2F1,TNF,Unknown,17707233
EGR1,TNF,Activation,10913190;14767560
ETV4,TNF,Unknown,7896795
HDAC11,TNF,Repression,21239696
HDAC3,TNF,Unknown,15356147
HMGB2,TNF,Activation,18218727
HSF1,TNF,Unknown,18689673
IRF5,TNF,Unknown,20237317
JUN,TNF,Activation,10318823;10688670;10748079;10913190
JUN,TNF,Unknown,7896795;9566900
LRRFIP1,TNF,Repression,16199883
NFAT5,TNF,Unknown,11485737
NFKB1,TNF,Activation,10079106;10748079;11749970;12058956;12686724;15013838;16707469;16916598;17407192;18057724;20066113;7876168;8219230;8679226
NFKB1,TNF,Unknown,10551799;10837498;10963848;11297551;14960579;15812247;16040075;16433741;17442180;17707233;18285351;20237317;9916895
NR4A1,TNF,Repression,19213954
RELA,TNF,Activation,10079106;10748079;11749970;12058956;12686724;15013838;16707469;16916598;17407192;18057724;20066113;7876168;8219230;8679226
RELA,TNF,Unknown,10551799;10837498;10963848;11297551;14960579;15812247;16040075;16433741;17442180;17707233;18285351;20237317;9916895
SIRT1,TNF,Unknown,21245135
SP1,TNF,Activation,10688670;10913190
SP1,TNF,Repression,12759366
SPI1,TNF,Unknown,10748079
AR,VEGFA,Activation,16007189
AR,VEGFA,Unknown,23369005
ARNT,VEGFA,Unknown,16774940;19020709
ATF4,VEGFA,Activation,15788408;18829529
ATF4,VEGFA,Unknown,18451308;22915762;23908598
ATM,VEGFA,Repression,20676049
BRCA1,VEGFA,Activation,16543242
COPS5,VEGFA,Activation,12542982
DNMT1,VEGFA,Activation,17934516
E2F1,VEGFA,Repression,20639906
E2F3,VEGFA,Unknown,21372519
EGR1,VEGFA,Activation,20489156
EGR1,VEGFA,Repression,15517885
EGR1,VEGFA,Unknown,9049304
EP300,VEGFA,Activation,22789427
EPAS1,VEGFA,Activation,11301389;11751212;16900513;19080330
EPAS1,VEGFA,Unknown,15156561;16920734
ESR1,VEGFA,Activation,19398483
ESR1,VEGFA,Unknown,10995484;14647449
ESR2,VEGFA,Unknown,10995484
FOXM1,VEGFA,Unknown,21860419
FOXO3,VEGFA,Unknown,21860419
FOXQ1,VEGFA,Activation,20145154
HDAC2,VEGFA,Unknown,23926105
HDAC3,VEGFA,Unknown,23926105
HDAC4,VEGFA,Repression,19509297
HDGF,VEGFA,Activation,14662017;21302807
HEXIM1,VEGFA,Unknown,20453883
HIC1,VEGFA,Repression,24067369
HIF1A,VEGFA,Activation,11749701;12542982;12820439;15315159;15735682;15890092;16052307;16515634;16540671;16854277;16900513;17461470;17557905;17889387;18027712;18060642;18572865;19759417;22789427
HIF1A,VEGFA,Repression,12509854;14712484;15930297;16596228;18471962
HIF1A,VEGFA,Unknown,11486006;15156561;16543242;16774940;17486380;18835464;19238077;19502554;21731766;23060442
HIPK2,VEGFA,Repression,18644116;19046997
HNF1A,VEGFA,Unknown,21731766
HOXB7,VEGFA,Activation,21183939
HTATIP2,VEGFA,Repression,19349353
ID3,VEGFA,Unknown,16926250
JUN,VEGFA,Repression,11731421
KLF4,VEGFA,Unknown,23926105
MEF2C,VEGFA,Unknown,18450586
MYC,VEGFA,Activation,19398483
MYC,VEGFA,Unknown,18809243
NFKB1,VEGFA,Activation,15856023;16684540;17407600;18056465
NFKB1,VEGFA,Repression,15517885
NFKB1,VEGFA,Unknown,12160329;17673602;18184402;20103608;20538607
NKX3-1,VEGFA,Unknown,18974119
NR1H4,VEGFA,Activation,21364590
PGR,VEGFA,Unknown,22542550
PTTG1,VEGFA,Activation,12213878;16926250
RB1,VEGFA,Activation,16007189
RELA,VEGFA,Activation,15856023;16684540;17407600;18056465
RELA,VEGFA,Repression,15517885
RELA,VEGFA,Unknown,12160329;17673602;18184402;20103608;20538607
RUNX1,VEGFA,Repression,21447743
RUNX2,VEGFA,Activation,19509297;22641097
SMAD3,VEGFA,Unknown,11486006
SP1,VEGFA,Activation,10581162;12429844;15217947;15342781;16540671;16982770;21115498
SP1,VEGFA,Repression,11559575
SP1,VEGFA,Unknown,10816575;11731421;12560084;14647449;18575762;23369005;8910439
SP3,VEGFA,Unknown,10816575;14647449
STAT3,VEGFA,Unknown,23104276
STAT3,VEGFA,Activation,11960372;15735682;17169602;17533737;19284568;19880237;21278793;21418908
STAT3,VEGFA,Repression,17533737;19880237;22313388
STAT3,VEGFA,Unknown,12824281;16540670;16899623;17937859;18184402;18320073;19020709;20043094;21172343;21344490;21731766;25101566
TCF4,VEGFA,Activation,15940626
TEAD4,VEGFA,Repression,22761647
TFAP2A,VEGFA,Activation,9049304
TFAP2A,VEGFA,Unknown,11731421
TP53,VEGFA,Activation,16684540
TP53,VEGFA,Repression,11559575
TRAF6,VEGFA,Repression,22326918
UHRF1,VEGFA,Unknown,17934516
VHL,VEGFA,Activation,10804089;7533661;8625303
VHL,VEGFA,Repression,10581162;12539169;12912922;8855222;9370235
VHL,VEGFA,Unknown,10189987;19801654;9572397;9689663
WT1,VEGFA,Activation,20871039
WT1,VEGFA,Unknown,16572586;17127464
XBP1,VEGFA,Unknown,20824063
ZFP36,VEGFA,Repression,21507959;21656745
ZFP36L1,VEGFA,Repression,19801654
ZNF24,VEGFA,Repression,20510677;23212515
MYC,CD33,Repression,19259613
AR,CRH,Repression,16446741
ESR1,CRH,Repression,12161509
ESR2,CRH,Repression,12161509
NR4A2,CRH,Unknown,11315917
RARA,CRH,Activation,19596122
DDB2,SOD2,Repression,18431487
FOXO4,SOD2,Activation,21536589
JUN,SOD2,Unknown,15330761
NFE2L2,SOD2,Activation,22493435
NFKB1,SOD2,Activation,11880364;14515147;19507253
NFKB1,SOD2,Unknown,15330761;18779124
PPARA,SOD2,Unknown,19958503
REL,SOD2,Activation,11880364
RELA,SOD2,Activation,11880364;14515147;19507253
RELA,SOD2,Unknown,15330761;18779124
SP1,SOD2,Repression,11853549
SP1,SOD2,Unknown,18779124;23500038
TFAP2A,SOD2,Unknown,23500038
XBP1,SOD2,Unknown,17192397
NA,PLCG2,NA,NA
NA,UNC5C,NA,NA
NA,ABI3,NA,NA
E2F1,WWOX,Repression,15044096
DDIT3,TF,Unknown,12939601
NFKB1,TF,Activation,12744731
NFKB1,TF,Unknown,22119392
RELA,TF,Activation,12744731
RELA,TF,Unknown,22119392
SP1,TF,Unknown,8548503
TFCP2,TF,Activation,20796026
YY1,TF,Unknown,8548503
NA,CHRNB2,NA,NA
NA,SLC30A6,NA,NA
NA,PGRMC1,NA,NA
NA,EIF2S1,NA,NA
NA,F2,NA,NA
NA,ARC,NA,NA
NA,CALM1,NA,NA
HIF1A,ENO1,Activation,8955077
CIITA,HLA-DRB5,Unknown,10886240
RFX5,HLA-DRB5,Unknown,11258423
RFXANK,HLA-DRB5,Unknown,11258423
RFXAP,HLA-DRB5,Unknown,11258423
USF2,IGF2R,Activation,12857727
NA,TPI1,NA,NA
NA,SNAR-I,NA,NA
NA,IQCK,NA,NA
NA,AMFR,NA,NA
NA,MIR100,NA,NA
NA,MIR296,NA,NA
NA,MIR375,NA,NA
HDAC4,SLC2A4,Unknown,23899560
HDAC5,SLC2A4,Repression,22991226
HDAC5,SLC2A4,Unknown,23899560
MEF2A,SLC2A4,Activation,14630949;18198354
MEF2A,SLC2A4,Unknown,15294043
PPARG,SLC2A4,Repression,16670091
SLC2A4RG,SLC2A4,Activation,14630949
NA,SLC30A4,NA,NA
FLI1,MIR708,Repression,22723308
NA,MIR3622B,NA,NA
NA,MIR4467,NA,NA
NA,CDK5,NA,NA
CRTC1,PPARGC1A,Activation,10893434
MEF2A,PPARGC1A,Unknown,18222924
MITF,PPARGC1A,Activation,23416000
TP53,PPARGC1A,Unknown,19139068
ESR1,CHAT,Unknown,10037443
ESR2,CHAT,Unknown,10037443
STAT1,CHAT,Unknown,12425940
NA,TPP1,NA,NA
MEF2A,MAPK14,Activation,18073218
AR,CTNNB1,Activation,18535113
ESR1,CTNNB1,Repression,16628468
LEF1,CTNNB1,Unknown,11326276
NELFCD,CTNNB1,Repression,20735431
NKX2-5,CTNNB1,Unknown,19479054
SIRT1,CTNNB1,Repression,22245592
SOX6,CTNNB1,Repression,21084391
TCF7L2,CTNNB1,Unknown,24317174
TP53,CTNNB1,Repression,19411072
ZNF24,CTNNB1,Activation,24224020
NFKB1,AGER,Activation,18622638;19616578
PPARG,AGER,Repression,18855759
RELA,AGER,Activation,18622638;19616578
CEBPA,GAPDH,Unknown,12842822
CEBPD,GAPDH,Unknown,12842822
HIF1A,GAPDH,Unknown,11955624
NA,GAPDHS,NA,NA
NA,IRS1,NA,NA
SREBF1,LRP1,Repression,20980003
SREBF2,LRP1,Repression,16697011;20980003
HES1,MAP2,Repression,19880519
HOXC6,MME,Repression,15637592
MYC,MME,Activation,11519042
SP1,MME,Unknown,14510963
SPI1,MME,Unknown,15892171
NA,NFE2L2,NA,NA
FOS,NGF,Unknown,2111020
ING4,NGF,Repression,22078444
JUN,NGF,Unknown,2111020
MYCN,NGFR,Repression,21123453
APC,NOS2,Activation,11935128
FOS,NOS2,Activation,12788789
FOS,NOS2,Repression,9776360
FOSL2,NOS2,Activation,12788789
IKBKB,NOS2,Repression,17478759
JUN,NOS2,Activation,12788789
JUN,NOS2,Repression,9776360
JUN,NOS2,Unknown,14962367
JUND,NOS2,Activation,12788789
KLF6,NOS2,Activation,12590140
KLF6,NOS2,Unknown,23831683
MTA1,NOS2,Activation,20022949
NFKB1,NOS2,Activation,15350552;17081374;17720813;18057724
NFKB1,NOS2,Unknown,11438703;15170030;16283237;16318585;19766095
NFKBIA,NOS2,Repression,17478759
RELA,NOS2,Activation,15350552;17081374;17720813;18057724
RELA,NOS2,Unknown,15170030;16283237;16318585;19766095;9712833
STAT1,NOS2,Activation,12586443
STAT1,NOS2,Unknown,16318585
STAT2,NOS2,Activation,12586443
XBP1,NOS2,Unknown,20637858
YY1,NOS2,Unknown,20430007
E2F1,PIN1,Unknown,20376080
NA,PYY,NA,NA
APC,PTGS2,Repression,10772828;12566320
APC,PTGS2,Unknown,11396184
AR,PTGS2,Repression,18386814
ATF2,PTGS2,Unknown,11278336;12057991
ATF4,PTGS2,Unknown,21244365
CDX1,PTGS2,Activation,21613300
CDX2,PTGS2,Repression,15013430
CEBPB,PTGS2,Activation,16820889;18294142
CEBPB,PTGS2,Repression,18820298
CEBPB,PTGS2,Unknown,10956548;16699180;17556653;7559624
CEBPD,PTGS2,Unknown,7559624
CREB1,PTGS2,Activation,22919060
CREBBP,PTGS2,Unknown,11278336
CTNNB1,PTGS2,Unknown,11396184
DR1,PTGS2,Activation,11840453
EGR1,PTGS2,Repression,15517885
EGR2,PTGS2,Unknown,24007274
ELF3,PTGS2,Unknown,15794755
ENO1,PTGS2,Unknown,19846662
EP300,PTGS2,Activation,12471036
EP300,PTGS2,Unknown,12057991;17237818;17395887
ETV4,PTGS2,Activation,11274170
FOS,PTGS2,Activation,9620167
FOS,PTGS2,Unknown,11278336;12057991;17556653
HDAC1,PTGS2,Activation,17395887
HDAC4,PTGS2,Activation,18820298
HMGA1,PTGS2,Activation,22898640
ING4,PTGS2,Repression,18399550
JUN,PTGS2,Activation,15772294;18294142;9620167
JUN,PTGS2,Unknown,11278336;12057991;16339564;17556653;20237399
JUNB,PTGS2,Activation,9620167
JUND,PTGS2,Activation,9620167
NFIL3,PTGS2,Unknown,1620116
NFKB1,PTGS2,Activation,10827178;12471036;15368354;15387324;15547942;15555528;15997464;16624933;16820889;18057724;18294142;19618291;22001128
NFKB1,PTGS2,Repression,12622742;15517885
NFKB1,PTGS2,Unknown,12067569;12349897;12871860;14988266;15655349;16210649;17556653;17673602;17767925;18973191;19766095;20103608;20669087
NR0B2,PTGS2,Activation,21613300
PGR,PTGS2,Repression,18483177
PPARA,PTGS2,Activation,11412039
PPARG,PTGS2,Activation,11412039
PPARG,PTGS2,Repression,14555539;16506021
PPARG,PTGS2,Unknown,10827178;11278336
RELA,PTGS2,Activation,10827178;12471036;15368354;15387324;15547942;15555528;15997464;16624933;16820889;18057724;18294142;19618291;22001128
RELA,PTGS2,Repression,12622742;15517885
RELA,PTGS2,Unknown,12067569;12349897;12871860;14645117;14988266;15655349;16210649;17556653;17673602;17767925;18973191;19766095;20103608;20669087
SETBP1,PTGS2,Repression,18419541
SP1,PTGS2,Activation,15767339
SP1,PTGS2,Repression,15767339
STAT1,PTGS2,Activation,12586443
STAT1,PTGS2,Unknown,10433370;16685393
STAT2,PTGS2,Activation,12586443
STAT3,PTGS2,Activation,20145033
STAT3,PTGS2,Unknown,21172343
STAT6,PTGS2,Activation,17237818
TCF7L2,PTGS2,Unknown,11396184
TFAP2A,PTGS2,Unknown,16423197
USF1,PTGS2,Repression,18817855
USF2,PTGS2,Unknown,12057991
NA,MIR505,NA,NA
NA,NGB,NA,NA
HOXC11,S100B,Unknown,20145129
TP53,S100B,Activation,15178678
CEBPD,SOD1,Activation,20385105
EGR1,SOD1,Activation,9867871
KLF4,SOD1,Repression,23370975
MSX2,SOD1,Activation,22824755
MTF1,SOD1,Activation,15378601
NFE2L2,SOD1,Activation,22493435
PPARD,SOD1,Activation,18048767
SP1,SOD1,Activation,8921911;9867871
SP1,SOD1,Repression,11724400
PKNOX1,SYP,Activation,20864515
SP1,SYP,Unknown,12492469
NA,MIR766,NA,NA
ERG,ADAMTS1,Activation,19396168
EZH2,ADAMTS1,Repression,22514714
